聚类ID,聚类名称,完整标签,用户数,片段数,购买阶段,价格敏感度,参与度,产品偏好,核心需求,营销策略重点,转化策略,价格策略
0,快速浏览·低紧迫,快速浏览·低紧迫·综合关注·综合需求,55,69,浏览阶段,高端价值型,快速浏览者,多产品比较,综合需求,【教育引导】用户处于早期浏览阶段，需要教育性内容; 提供产品功能说明、使用场景、解决痛点的方式,优化首屏内容，快速抓住注意力; 提供视频教程、使用指南、FAQ,【价值驱动】用户更关注产品价值和功能，价格敏感度低; 强调产品品质、技术创新、用户体验
1,👁️单次浏览·中紧迫,👁️单次浏览·中紧迫·F1偏好·止鼾需求,16,17,对比阶段,高端价值型,快速浏览者,F1偏好,止鼾需求,【对比优化】用户正在比较产品，需要差异化优势展示; 提供详细的产品对比表、功能对比图,突出产品独特卖点（USP）; 提供专业咨询、在线客服支持,【价值驱动】用户更关注产品价值和功能，价格敏感度低; 强调产品品质、技术创新、用户体验
2,🔍深度研究·低紧迫,🔍深度研究·低紧迫·综合关注·综合需求,24,27,浏览阶段,高端价值型,快速浏览者,多产品比较,综合需求,【教育引导】用户处于早期浏览阶段，需要教育性内容; 提供产品功能说明、使用场景、解决痛点的方式,优化首屏内容，快速抓住注意力; 提供视频教程、使用指南、FAQ,【价值驱动】用户更关注产品价值和功能，价格敏感度低; 强调产品品质、技术创新、用户体验
3,👁️单次浏览·中紧迫,👁️单次浏览·中紧迫·Z6偏好·止鼾需求,20,20,浏览阶段,高端价值型,快速浏览者,Z6偏好,止鼾需求,【教育引导】用户处于早期浏览阶段，需要教育性内容; 提供产品功能说明、使用场景、解决痛点的方式,优化首屏内容，快速抓住注意力; 提供视频教程、使用指南、FAQ,【价值驱动】用户更关注产品价值和功能，价格敏感度低; 强调产品品质、技术创新、用户体验
4,👁️单次浏览·中紧迫,👁️单次浏览·中紧迫·F1偏好·综合需求,12,12,浏览阶段,高端价值型,快速浏览者,F1偏好,综合需求,【教育引导】用户处于早期浏览阶段，需要教育性内容; 提供产品功能说明、使用场景、解决痛点的方式,优化首屏内容，快速抓住注意力; 提供视频教程、使用指南、FAQ,【价值驱动】用户更关注产品价值和功能，价格敏感度低; 强调产品品质、技术创新、用户体验
5,🔍深度研究·低紧迫,🔍深度研究·低紧迫·综合关注·综合需求,20,22,浏览阶段,高端价值型,快速浏览者,多产品比较,综合需求,【教育引导】用户处于早期浏览阶段，需要教育性内容; 提供产品功能说明、使用场景、解决痛点的方式,优化首屏内容，快速抓住注意力; 提供视频教程、使用指南、FAQ,【价值驱动】用户更关注产品价值和功能，价格敏感度低; 强调产品品质、技术创新、用户体验
6,⚡高紧迫·单次浏览,⚡高紧迫·单次浏览·Z6偏好·止鼾需求,12,12,决策阶段,高端价值型,快速浏览者,Z6偏好,止鼾需求,【高转化优先级】用户已接近购买决策，需要立即转化刺激; 提供限时优惠、免费试用、快速配送等转化激励,在页面添加紧迫感元素（库存紧张、限时优惠倒计时）; 提供一键购买、快速结账流程,【价值驱动】用户更关注产品价值和功能，价格敏感度低; 强调产品品质、技术创新、用户体验
7,👁️单次浏览·中紧迫,👁️单次浏览·中紧迫·F1偏好·止鼾需求,15,16,浏览阶段,高端价值型,快速浏览者,F1偏好,止鼾需求,【教育引导】用户处于早期浏览阶段，需要教育性内容; 提供产品功能说明、使用场景、解决痛点的方式,优化首屏内容，快速抓住注意力; 提供视频教程、使用指南、FAQ,【价值驱动】用户更关注产品价值和功能，价格敏感度低; 强调产品品质、技术创新、用户体验
8,👁️单次浏览·中紧迫,👁️单次浏览·中紧迫·H02偏好·综合需求,9,11,浏览阶段,高端价值型,快速浏览者,H02偏好,综合需求,【教育引导】用户处于早期浏览阶段，需要教育性内容; 提供产品功能说明、使用场景、解决痛点的方式,优化首屏内容，快速抓住注意力; 提供视频教程、使用指南、FAQ,【价值驱动】用户更关注产品价值和功能，价格敏感度低; 强调产品品质、技术创新、用户体验
9,中等参与·低紧迫,中等参与·低紧迫·综合关注·综合需求,37,40,浏览阶段,高端价值型,快速浏览者,多产品比较,综合需求,【教育引导】用户处于早期浏览阶段，需要教育性内容; 提供产品功能说明、使用场景、解决痛点的方式,优化首屏内容，快速抓住注意力; 提供视频教程、使用指南、FAQ,【价值驱动】用户更关注产品价值和功能，价格敏感度低; 强调产品品质、技术创新、用户体验
10,⚡高紧迫·单次浏览,⚡高紧迫·单次浏览·A1偏好·综合需求,6,6,决策阶段,高端价值型,快速浏览者,A1偏好,综合需求,【高转化优先级】用户已接近购买决策，需要立即转化刺激; 提供限时优惠、免费试用、快速配送等转化激励,在页面添加紧迫感元素（库存紧张、限时优惠倒计时）; 提供一键购买、快速结账流程,【价值驱动】用户更关注产品价值和功能，价格敏感度低; 强调产品品质、技术创新、用户体验
11,中等参与·低紧迫,中等参与·低紧迫·综合关注·综合需求,56,58,浏览阶段,高端价值型,快速浏览者,多产品比较,综合需求,【教育引导】用户处于早期浏览阶段，需要教育性内容; 提供产品功能说明、使用场景、解决痛点的方式,优化首屏内容，快速抓住注意力; 提供视频教程、使用指南、FAQ,【价值驱动】用户更关注产品价值和功能，价格敏感度低; 强调产品品质、技术创新、用户体验
12,👁️单次浏览·中紧迫,👁️单次浏览·中紧迫·F1偏好·止鼾需求,14,14,浏览阶段,高端价值型,快速浏览者,F1偏好,止鼾需求,【教育引导】用户处于早期浏览阶段，需要教育性内容; 提供产品功能说明、使用场景、解决痛点的方式,优化首屏内容，快速抓住注意力; 提供视频教程、使用指南、FAQ,【价值驱动】用户更关注产品价值和功能，价格敏感度低; 强调产品品质、技术创新、用户体验
13,⚡高紧迫·单次浏览,⚡高紧迫·单次浏览·F1偏好·止鼾需求,5,5,决策阶段,高端价值型,快速浏览者,F1偏好,止鼾需求,【高转化优先级】用户已接近购买决策，需要立即转化刺激; 提供限时优惠、免费试用、快速配送等转化激励,在页面添加紧迫感元素（库存紧张、限时优惠倒计时）; 提供一键购买、快速结账流程,【价值驱动】用户更关注产品价值和功能，价格敏感度低; 强调产品品质、技术创新、用户体验
14,🔍深度研究·低紧迫,🔍深度研究·低紧迫·综合关注·综合需求,13,15,浏览阶段,高端价值型,快速浏览者,多产品比较,综合需求,【教育引导】用户处于早期浏览阶段，需要教育性内容; 提供产品功能说明、使用场景、解决痛点的方式,优化首屏内容，快速抓住注意力; 提供视频教程、使用指南、FAQ,【价值驱动】用户更关注产品价值和功能，价格敏感度低; 强调产品品质、技术创新、用户体验
